TableS5 prioritized CAD risk variants,,,,,,
rsid,seqnames,start,indexSNP,r2,CRE_gene,CRE_peak
rs4360494,chr1,37990219,1:37995647,0.96339,CDCA8,chr1-37988991-37990635
rs4072980,chr1,37990434,1:37995647,0.807656,CDCA8,chr1-37988991-37990635
rs67631072,chr1,37996149,1:37995647,1,CDCA8,chr1-37996060-37996911
rs72664324,chr1,56506681,1:56521306,0.936104,PLPP3,chr1-56506417-56506744
rs11552449,chr1,113905767,1:113905767,1,PTPN22,chr1-113904217-113905834
rs11588318,chr1,200669534,1:200676945,1,KIF14,chr1-200669311-200670756
rs6661240,chr1,200669719,1:200676945,1,KIF14,chr1-200669311-200670756
rs770265831,chr1,200669912,1:200676945,0.992665,KIF14,chr1-200669311-200670756
rs78190741,chr1,200669912,1:200676945,0.992665,KIF14,chr1-200669311-200670756
rs6688581,chr1,200670028,1:200676945,0.996313,KIF14,chr1-200669311-200670756
rs3806358,chr1,200670555,1:200676945,1,KIF14,chr1-200669311-200670756
rs12226402,chr11,215904,11:224845,1,ANO9,chr11-215676-216009
rs2279287,chr11,13276938,11:13281538,0.985933,ARNTL,chr11-13276666-13279012
rs2279286,chr11,13276972,11:13281538,0.985933,ARNTL,chr11-13276666-13279012
rs2279285,chr11,13277140,11:13281538,0.985933,ARNTL,chr11-13276666-13279012
rs2279284,chr11,13277203,11:13281538,0.83071,ARNTL,chr11-13276666-13279012
rs61882122,chr11,13278348,11:13281538,0.962975,ARNTL,chr11-13276666-13279012
rs7928655,chr11,13278705,11:13281538,0.985933,ARNTL,chr11-13276666-13279012
rs4757139,chr11,13278909,11:13281538,0.985933,ARNTL,chr11-13276666-13279012
rs4757140,chr11,13278993,11:13281538,0.985933,ARNTL,chr11-13276666-13279012
rs11227229,chr11,65586679,11:65581592,0.877591,BANF1,chr11-65586342-65587789
rs11606601,chr11,65586968,11:65581592,0.877591,BANF1,chr11-65586342-65587789
rs2306363,chr11,65638129,11:65623846,0.85222,CFL1,chr11-65637811-65639037
rs2306363,chr11,65638129,11:65623846,0.85222,POLA2,chr11-65637811-65639037
rs1443120,chr11,110373504,11:110373636,1,FDX1,chr11-110373018-110374067
rs1443120,chr11,110373504,11:110373636,1,RDX,chr11-110373018-110374067
rs10488763,chr11,110373636,11:110373636,1,FDX1,chr11-110373018-110374067
rs10488763,chr11,110373636,11:110373636,1,RDX,chr11-110373018-110374067
rs11217133,chr11,119057538,11:119079507,0.938861,H2AFX,chr11-119055975-119058050
rs11217133,chr11,119057538,11:119079507,0.938861,RPS25,chr11-119055975-119058050
rs2509121,chr11,119057542,11:119079507,0.97334,H2AFX,chr11-119055975-119058050
rs2509121,chr11,119057542,11:119079507,0.97334,RPS25,chr11-119055975-119058050
rs622478,chr11,119066439,11:119079507,0.995526,H2AFX,chr11-119066421-119068404
rs622478,chr11,119066439,11:119079507,0.995526,RPS25,chr11-119066421-119068404
rs5029340,chr11,119066580,11:119079507,0.99105,H2AFX,chr11-119066421-119068404
rs5029340,chr11,119066580,11:119079507,0.99105,RPS25,chr11-119066421-119068404
rs1185459,chr11,119066592,11:119079507,0.977702,H2AFX,chr11-119066421-119068404
rs5795161,chr11,119066592,11:119079507,0.977702,H2AFX,chr11-119066421-119068404
rs1185459,chr11,119066592,11:119079507,0.977702,RPS25,chr11-119066421-119068404
rs5795161,chr11,119066592,11:119079507,0.977702,RPS25,chr11-119066421-119068404
rs4454730,chr11,119066733,11:119079507,0.995526,H2AFX,chr11-119066421-119068404
rs4454730,chr11,119066733,11:119079507,0.995526,RPS25,chr11-119066421-119068404
rs4545564,chr11,119066807,11:119079507,0.995526,H2AFX,chr11-119066421-119068404
rs4545564,chr11,119066807,11:119079507,0.995526,RPS25,chr11-119066421-119068404
rs5795162,chr11,119066912,11:119079507,0.97348,H2AFX,chr11-119066421-119068404
rs5795162,chr11,119066912,11:119079507,0.97348,RPS25,chr11-119066421-119068404
rs1784461,chr11,119067274,11:119079507,0.995526,H2AFX,chr11-119066421-119068404
rs1784461,chr11,119067274,11:119079507,0.995526,RPS25,chr11-119066421-119068404
rs1786141,chr11,119067604,11:119079507,0.995526,H2AFX,chr11-119066421-119068404
rs1786141,chr11,119067604,11:119079507,0.995526,RPS25,chr11-119066421-119068404
rs1784460,chr11,119067660,11:119079507,0.995526,H2AFX,chr11-119066421-119068404
rs1784460,chr11,119067660,11:119079507,0.995526,RPS25,chr11-119066421-119068404
rs1784459,chr11,119067677,11:119079507,0.995526,H2AFX,chr11-119066421-119068404
rs1784459,chr11,119067677,11:119079507,0.995526,RPS25,chr11-119066421-119068404
rs1786684,chr11,119067724,11:119079507,0.995526,H2AFX,chr11-119066421-119068404
rs1786684,chr11,119067724,11:119079507,0.995526,RPS25,chr11-119066421-119068404
rs1786685,chr11,119068246,11:119079507,0.995526,H2AFX,chr11-119066421-119068404
rs1786685,chr11,119068246,11:119079507,0.995526,RPS25,chr11-119066421-119068404
rs34378932,chr11,119084309,11:119079507,0.891581,H2AFX,chr11-119084302-119085796
rs3840762,chr11,120335926,11:120362917,0.890547,ARHGEF12,chr11-120334885-120337550
rs7126413,chr11,120336696,11:120362917,0.917166,ARHGEF12,chr11-120334885-120337550
rs4938799,chr11,120337548,11:120362917,0.950049,ARHGEF12,chr11-120334885-120337550
rs1042085,chr12,10722926,12:10723974,0.806374,YBX3,chr12-10721675-10723700
rs2302700,chr12,108731563,12:108701361,0.918251,CORO1C,chr12-108730159-108732351
rs2302701,chr12,108731564,12:108701361,0.918251,CORO1C,chr12-108730159-108732351
rs4964274,chr12,108732212,12:108701361,0.922125,CORO1C,chr12-108730159-108732351
rs2707066,chr12,121793667,12:121811142,0.926216,VPS33A,chr12-121793590-121795379
rs895950,chr12,121794133,12:121811142,0.993593,VPS33A,chr12-121793590-121795379
rs33939481,chr12,121794780,12:121811142,0.993593,VPS33A,chr12-121793590-121795379
rs73486469,chr12,132489246,12:132493308,1,POLE,chr12-132488536-132490934
rs9595795,chr13,32548658,13:32484196,0.976008,BRCA2,chr13-32548588-32549170
rs3832923,chr13,32586504,13:32484196,0.926406,BRCA2,chr13-32585642-32588032
rs7994229,chr13,32586568,13:32484196,0.945379,BRCA2,chr13-32585642-32588032
rs9591145,chr13,32587322,13:32484196,0.941535,BRCA2,chr13-32585642-32588032
rs3742239,chr13,113001322,13:112977466,0.808792,F10,chr13-113001202-113002434
rs1378941,chr15,74787809,15:74785026,1,CSK,chr15-74786864-74788612
rs2071382,chr15,90884967,15:90885406,0.98253,BLM,chr15-90883700-90886260
rs11539637,chr15,90885060,15:90885406,0.992913,BLM,chr15-90883700-90886260
rs7183988,chr15,90885359,15:90885406,0.992913,BLM,chr15-90883700-90886260
rs7177338,chr15,90885406,15:90885406,1,BLM,chr15-90883700-90886260
rs1894401,chr15,90885812,15:90885406,0.975657,BLM,chr15-90883700-90886260
rs4888379,chr16,75306333,16:75408245,0.935453,BCAR1,chr16-75306210-75306812
rs4888379,chr16,75306333,16:75408245,0.935453,LDHD,chr16-75306210-75306812
rs4888392,chr16,75378364,16:75408245,0.980743,BCAR1,chr16-75378025-75378408
rs11356207,chr17,64307289,17:64322640,0.939753,CD79B,chr17-64306637-64307487
rs1598259670,chr17,64307289,17:64322640,0.939753,CD79B,chr17-64306637-64307487
rs9303469,chr17,64327081,17:64322640,0.922089,TEX2,chr17-64326149-64327279
rs9303470,chr17,64327092,17:64322640,0.922089,TEX2,chr17-64326149-64327279
rs12936766,chr17,64331589,17:64322640,0.917935,SMURF2,chr17-64331481-64332684
rs12936766,chr17,64331589,17:64322640,0.917935,TEX2,chr17-64331481-64332684
rs4968721,chr17,64332226,17:64322640,0.921663,SMURF2,chr17-64331481-64332684
rs4968721,chr17,64332226,17:64322640,0.921663,TEX2,chr17-64331481-64332684
rs140874875,chr17,64332365,17:64322640,0.921663,SMURF2,chr17-64331481-64332684
rs140874875,chr17,64332365,17:64322640,0.921663,TEX2,chr17-64331481-64332684
rs12948373,chr17,64334396,17:64322640,0.917509,TEX2,chr17-64333777-64334464
rs1600717070,chr19,11108298,19:11116804,0.859843,LDLR,chr19-11108159-11108408
rs34008246,chr19,11108298,19:11116804,0.859843,LDLR,chr19-11108159-11108408
rs28832583,chr19,16305272,19:16319866,0.889183,KLF2,chr19-16304879-16305503
rs7258079,chr19,17743972,19:17734133,0.944656,COLGALT1,chr19-17743943-17744330
rs61459202,chr19,41327643,19:41326326,1,TGFB1,chr19-41327114-41329335
rs7254679,chr19,41327664,19:41326326,0.986522,TGFB1,chr19-41327114-41329335
rs12983047,chr19,41328594,19:41326326,0.986522,TGFB1,chr19-41327114-41329335
rs117955557,chr19,45252110,19:45238836,0.963354,NECTIN2,chr19-45250625-45252408
rs1446668,chr2,85537837,2:85511251,0.92355,TGOLN2,chr2-85537828-85540217
rs10700825,chr2,85546531,2:85511251,0.901718,MAT2A,chr2-85546118-85547087
rs7564469,chr2,144500878,2:144513025,0.873806,AC023128.1,chr2-144500763-144500950
rs113175667,chr2,144516222,2:144513025,0.80111,AC023128.1,chr2-144516000-144517821
rs868475051,chr2,144516222,2:144513025,0.80111,AC023128.1,chr2-144516000-144517821
rs113175667,chr2,144516222,2:144513025,0.80111,TEX41,chr2-144516000-144517821
rs868475051,chr2,144516222,2:144513025,0.80111,TEX41,chr2-144516000-144517821
rs113175667,chr2,144516222,2:144513025,0.80111,ZEB2,chr2-144516000-144517821
rs868475051,chr2,144516222,2:144513025,0.80111,ZEB2,chr2-144516000-144517821
rs1250258,chr2,215435462,2:215439661,0.935775,FN1,chr2-215435437-215437018
rs1250258,chr2,215435462,2:215439661,0.935775,LINC00607,chr2-215435437-215437018
rs1250259,chr2,215435759,2:215439661,0.940589,FN1,chr2-215435437-215437018
rs1250259,chr2,215435759,2:215439661,0.940589,LINC00607,chr2-215435437-215437018
rs369052205,chr20,34710006,20:34725762,0.910125,DYNLRB1,chr20-34708684-34710211
rs577036133,chr20,45975095,20:45980262,0.91535,UBE2C,chr20-45975022-45975457
rs17445063,chr20,48847194,20:48840319,0.885366,PREX1,chr20-48846578-48847274
rs6772383,chr3,69747869,3:69771631,0.839266,MITF,chr3-69747693-69748906
rs11452399,chr3,69748073,3:69771631,0.839266,MITF,chr3-69747693-69748906
rs1979974,chr4,145879663,4:145888846,0.988166,ZNF827,chr4-145879614-145879953
rs17020769,chr4,145879770,4:145888846,0.988166,ZNF827,chr4-145879614-145879953
rs56411742,chr5,9544526,5:9545986,0.823083,SEMA5A,chr5-9544361-9545266
rs112941079,chr5,9545986,5:9545986,1,SEMA5A,chr5-9545808-9546546
rs112941079,chr5,9545986,5:9545986,1,SNHG18,chr5-9545808-9546546
rs113140904,chr5,9546023,5:9545986,1,SEMA5A,chr5-9545808-9546546
rs113140904,chr5,9546023,5:9545986,1,SNHG18,chr5-9545808-9546546
rs2288393,chr5,122077195,5:122077513,0.959675,LOX,chr5-122076751-122078651
rs1800449,chr5,122077513,5:122077513,1,LOX,chr5-122076751-122078651
rs9442946,chr6,73697129,6:73706145,0.900363,CD109,chr6-73697033-73698005
rs9442947,chr6,73697254,6:73706145,0.832495,CD109,chr6-73697033-73698005
rs72953369,chr6,73697895,6:73706145,0.900363,CD109,chr6-73697033-73698005
rs1311819949,chr6,73704179,6:73706145,0.882487,CD109,chr6-73704124-73704796
rs58505053,chr6,73704179,6:73706145,0.882487,CD109,chr6-73704124-73704796
rs17080102,chr6,150683634,6:150682704,0.837653,PLEKHG1,chr6-150683123-150683774
rs33986000,chr7,6393119,7:6446436,0.877453,ZNF316,chr7-6393073-6393746
rs35444732,chr7,6434333,7:6446436,0.994594,KDELR2,chr7-6433757-6434441
rs13221129,chr7,6437505,7:6446436,0.99459,KDELR2,chr7-6437306-6437536
rs10156003,chr7,140056658,7:140057336,0.81004,KDM7A,chr7-140056509-140057478
rs10237377,chr7,140057336,7:140057336,1,KDM7A,chr7-140056509-140057478
rs1800590,chr8,19939160,8:19943018,1,LPL,chr8-19939074-19940732
rs6999612,chr8,19945573,8:19943018,1,LPL,chr8-19945573-19945785
rs59811201,chr8,19945626,8:19943018,1,LPL,chr8-19945573-19945785
rs11204085,chr8,20083285,8:20083285,1,ATP6V1B2,chr8-20083040-20083637
rs11204085,chr8,20083285,8:20083285,1,LPL,chr8-20083040-20083637
rs11204086,chr8,20083434,8:20083285,1,ATP6V1B2,chr8-20083040-20083637
rs11204086,chr8,20083434,8:20083285,1,LPL,chr8-20083040-20083637
rs11204087,chr8,20083516,8:20083285,0.996346,ATP6V1B2,chr8-20083040-20083637
rs11204087,chr8,20083516,8:20083285,0.996346,LPL,chr8-20083040-20083637
rs2607069,chr8,94241981,8:94247997,0.918925,GEM,chr8-94241878-94242871
rs2607071,chr8,94242862,8:94247997,0.918925,GEM,chr8-94241878-94242871
rs36098089,chr9,104841643,9:104823957,0.891725,ABCA1,chr9-104841563-104842619
rs3824479,chr9,104842113,9:104823957,0.891725,ABCA1,chr9-104841563-104842619